source,target,value
rciii1996,liverMan16,1.0
D_physique,RodneySuccess,1.0
BrockwellEllen,MarioPalush,1.0
AmBeRLiNa93,amber_992,1.0
RodneySuccess,D_physique,1.0
GurganusBrandon,LHatcher94,1.0
joshhkidd,LHatcher94,1.0
amber_992,LHatcher94,1.0
liverMan16,rciii1996,1.0
PSQRD12,CrownedOne_24,1.0
JAGillespie4,JPlu9,1.0
PSQRD12,JPlu9,1.0
CrownedOne_24,JAGillespie4,1.0
JPlu9,JAGillespie4,1.0
Gjonathans,PSQRD12,1.0
CrownedOne_24,PSQRD12,1.0
JPlu9,PSQRD12,1.0
itagabriela850,KevinClemmons,1.0
prpl_n_pancakes,KevinClemmons,1.0
AliShamim333,KevinClemmons,1.0
GurganusBrandon,KevinClemmons,1.0
bigdud82,KevinClemmons,1.0
NoahRenn,KevinClemmons,1.0
liverMan16,KevinClemmons,1.0
joshhkidd,KevinClemmons,1.0
BrockwellEllen,KevinClemmons,1.0
StRaphael4,KevinClemmons,1.0
ThePDCommunity,KevinClemmons,1.0
RodneySuccess,KevinClemmons,1.0
MarioPalush,KevinClemmons,1.0
AmBeRLiNa93,KevinClemmons,1.0
bea_utyTips,KevinClemmons,1.0
treyushithead15,KevinClemmons,1.0
amber_992,KevinClemmons,1.0
D_physique,KevinClemmons,1.0
DobieHouson,KevinClemmons,1.0
LHatcher94,KevinClemmons,1.0
Gjonathans,KevinClemmons,1.0
LadyGaaaaaga,KevinClemmons,1.0
WarrenLoveLife,KevinClemmons,1.0
rciii1996,KevinClemmons,1.0
CrownedOne_24,KevinClemmons,1.0
JPlu9,KevinClemmons,1.0
JAGillespie4,KevinClemmons,1.0
PSQRD12,KevinClemmons,1.0
